<?xml version="1.0"?>
<!DOCTYPE hibernate-mapping PUBLIC "-//Hibernate/Hibernate Mapping DTD 3.0//EN"
"http://www.hibernate.org/dtd/hibernate-mapping-3.0.dtd">
<!-- Generated 11-ene-2019 10:58:57 by Hibernate Tools 4.3.1 -->
<hibernate-mapping>
    <class name="ies.entity.Alumno" table="alumno" catalog="ies" optimistic-lock="version">
        <id name="dni" type="int">
            <column name="dni" />
            <generator class="assigned" />
        </id>
        <property name="nombre" type="string">
            <column name="nombre" length="30" />
        </property>
        <property name="edad" type="java.lang.Byte">
            <column name="edad" />
        </property>
        <property name="beca" type="java.lang.Boolean">
            <column name="beca" />
        </property>
        <set name="matriculas" table="matricula" inverse="true" lazy="true" fetch="select">
            <key>
                <column name="dni" not-null="true" />
            </key>
            <one-to-many class="ies.entity.Matricula" />
        </set>
    </class>
</hibernate-mapping>
